Year,Tax Day
2000,April 18
2001,April 17
2002,April 15
2003,April 15
2004,April 15
2005,April 16
2006,April 18
2007,April 17
2008,April 15
2009,April 15
2010,April 15
2011,April 16
2012,April 17
2013,April 15
2014,April 15
2015,April 15
2016,April 16
2017,April 18
2018,April 17
2019,April 15
2020,July 15 (COVID-19 extension)
2021,May 17 (COVID-19 extension)
2022,April 16
2023,April 18
2024,April 15
2025,April 15
2026,April 15
2027,April 15
2028,April 18
2029,April 17
2030,April 15
2031,April 15
2032,April 15
2033,April 16
2034,April 18
2035,April 17
2036,April 15
2037,April 15
2038,April 15
2039,April 16
2040,April 17
